001	极光与呼吸	交互网页	午夜天空中的极光缓缓流动，磨砂玻璃浮在星光之上。呼吸圆环、卡片倾斜与价格切换共同组成一页冥想产品概念。	点击呼吸圆环开始或停止引导；移动鼠标观察玻璃反光，向下滚动体验价格切换。
002	霓虹雨夜	生成艺术	四层城市天际线、闪烁招牌、雨幕与湿地倒影构成一座虚构夜市。光线和视差让整条街道保持流动。	移动指针改变视角，点击街道召唤闪电；可切换雨量与声音。
003	瑞士海报机器	排版实验	红、黑、白与模块网格构成不断重组的瑞士风格海报。每个版本编号都是种子，决定文字、图形和留白的位置。	点击画面或按空格重排；左右键切换版本，G 显示网格，I 反转底色。
004	钟表匠的太阳系	科学与模拟	黄铜行星仪如同一件陈列于旧羊皮纸上的机械藏品。行星沿金属臂运行，刻度与齿轮共同呈现天体运动。	切换时间速度，点选行星查看信息，观察不同轨道周期。
005	水中墨迹	生成艺术	墨滴在和纸上的水层里扩散，边缘卷成细密涡流。浓淡、沉积与水流由流体模拟共同塑造。	点击滴墨，按住持续注入，拖动搅动水流；切换墨色或让水面归于平静。
006	独立唱片小报	交互网页	粗黑边框、硬阴影、拼贴标题与滚动条组成一份虚构唱片厂牌小报，带着复印纸和地下音乐刊物的气质。	点选唱片查看曲目；使用 Shuffle covers 重新生成封面。
007	柔软合成器	音乐与游戏	一台像从软陶里雕出的复音合成器。旋钮、琴键、示波器与音序器嵌在同一块浅灰表面中。	点击琴键或使用 A W S E 等键演奏；调整旋钮、八度与节拍。
008	最后的守塔人	交互网页	虚构杂志中的灯塔长篇特写。海浪、雾气和灯束铺开开场，滚动逐步带出章节、注释与灯塔结构。	向下滚动阅读；点击脚注打开补充说明，观察天空和灯光随阅读进度变化。
009	亲手连起星空	生成艺术	深靛蓝星图上散布着数千颗星星，银河与细密颗粒营造古老天文图册的观感。你可以亲手绘制星座。	依次点击星星连线，回到起点闭合图形；使用命名功能为星座起名。
010	液态水银	交互网页	液态金属在黑色舞台中聚合、分裂，巨大银色字标与水滴共享同一光照空间。这是一家虚构声音工作室的概念首页。	靠近金属移动指针，观察黏性牵引；点击分裂水滴，主动开启声音后体验合成音景。
011	想象植物标本室	生成艺术	黄铜铭牌、旧纸、胶带与压制植物组成一只维多利亚式标本抽屉。程序生成的植物从根系开始逐步生长。	点击生成新标本，观察枝叶与花朵展开；点开任意标本放大查看。
012	港口天气	数据与工具	虚构港口一周的天气被表现为一整片会变化的天空。玻璃面板、数字与图表随晴、雨、雪和夜色共同换色。	选择日期切换天气场景，切换摄氏与华氏；也可用方向键浏览日期。
013	编织生命游戏	科学与模拟	康威生命游戏被织成一块费尔岛针织布。每个细胞都是一枚有体积与毛边的针脚，图案随代际不断变化。	播放、暂停或单步推进；直接在织物上绘制或拆除针脚，调整演化速度。
014	运动宣言	排版实验	七个滚动驱动的字体场景，让文字经历聚拢、拉伸、分裂与旋转。页面把时间和阅读进度变成排版材料。	滚动控制每一幕的进退；数字键 1–7 跳转场景，M 切换动效。
015	爵士时代酒店	交互网页	黑漆、翡翠绿与金色几何构成虚构酒店的 Art Deco 大堂。页面被组织为楼层，电梯指针引导整段浏览。	点击楼层编号或上下呼叫按钮切换区域，观察金色指针与页面滚动联动。
016	永恒商场 1994	交互网页	蒸汽波夕阳、霓虹网格、棕榈树与大理石头像包围着一套 Windows 95 式桌面，重构虚构购物中心的数字记忆。	拖动窗口，双击标题栏放大；最小化后从任务栏恢复窗口。
017	摆的合奏	科学与模拟	十八枚金属摆锤由不同长度的双线悬挂，从一致的起点出发，逐渐分离成波纹，再重新聚拢。	切换播放速度、轨迹和视角；使用 Release 重新释放摆锤，可主动开启钟音。
018	纸雕森林剧场	生成艺术	九层剪纸在深青色框内叠成山丘、溪流、松林与狐狸的栖息地，每一层都向后投下一道柔软阴影。	移动鼠标或拖动屏幕体验层间视差；点击狐狸让它跳跃，切换白天与夜晚。
019	荧光终端	数据与工具	一台虚构的 1987 年终端从开机自检开始，逐步进入可操作的命令行。弧面屏、余辉与实体按键还原旧显示器质感。	输入 help 查看命令；尝试 ls、cat、weather 或 snake，任意键可跳过开机过程。
020	世界长河	数据与工具	十条大河从共同源线出发，以同一长度比例蜿蜒至海。淡色地形线、蓝色水带和衬线文字组成一张数据艺术图版。	悬停、点击或用键盘选择河流，查看长度、源头、流向与相关数据。
021	包豪斯构图台	生成艺术	圆、方、三角与三原色落在一块带坐标的纸面上。形式、色块和重心成为可以亲手调整的构图材料。	从托盘拖入图形，在画板上移动和组合；将图形拖出画板即可移除。
022	下潜一万一千米	交互网页	从明亮海面一路下潜到海沟，水色、光束与生物随深度变化。标题被水线折射，阅读本身就是潜航过程。	滚动控制下潜；深水中的指针像一束微弱手电，照亮附近海域。
023	对称花绘	生成艺术	一笔绘画被实时复制到多重旋转与镜像中，逐渐形成发光的花形。暗色画布让线条和色彩成为唯一焦点。	直接绘制，调整对称份数与镜像；画面旋转时也可以继续落笔。
024	静奢腕表	交互网页	象牙白、香槟色和炭黑托起一枚虚构自动腕表。表盘、蓝宝石反射与落地阴影随指针微微倾转。	移动鼠标观察表体和反射；点选表盘色样，继续向下浏览产品细节。
025	口袋城市	音乐与游戏	一座粉彩等距小岛由 12×12 地块组成，住宅、高楼、树木、公园与道路可以逐格建起。	选择工具后点击地块建设；重复放置同类物体会改变外观，右键或长按进行移除。
026	脉冲可视化	音乐与游戏	橙色与紫色的频谱像花瓣一样呼吸，电子节奏、粒子和几何图形在同一全屏舞台里响应。	点击播放启动生成音乐，观察视觉随节奏变化，再尝试场景中的控制项。
027	折一只千纸鹤	科学与模拟	一张双面和纸沿真实折痕逐步变为纸鹤。刚性纸面与折叠铰链保留了纸张结构，而非简单图形变形。	观看自动折叠，暂停观察中间步骤；使用阶段控制探索展开与成形过程。
028	元素图谱	数据与工具	118 种元素组成完整周期表，暗色界面中以分类色和细致数字突出结构。详情面板随选择更新。	悬停预览元素，点击固定详情；使用键盘在表格中移动选择。
029	打字机来信	排版实验	薄荷绿便携打字机放在灯下木桌上，金属键帽、纸张、字锤和回车动作共同还原机械书写。	直接使用键盘输入；Enter 回车换行，Backspace 后退但不擦除，可叠印字符。
030	引力沙盒	科学与模拟	星云与深空中运行着一个多体引力系统。新天体的质量、初速度与已有轨道共同影响接下来的运动。	在空白处拖动发射天体；轻点可让新天体进入附近主天体的环绕轨道。
031	二十四节气轮	数据与工具	二十四节气被排成一只可转动的日历圆盘，季节色彩与象征图案随选择缓慢过渡。	点击节气或拖动圆环；松手后圆盘吸附到相应节气，页面随之换色。
032	全息龙卡	生成艺术	虚构卡牌游戏中的稀有龙卡被陈列在紫色聚光灯下，虹彩薄膜、闪粉与表面光泽随角度改变。	移动鼠标或触摸拖动卡片，观察倾角对全息反射与光晕的影响。
033	石刻迷宫	音乐与游戏	迷宫被雕成一块置于暗室中的砂岩石板。火光和有限的可见范围让路线探索带有考古般的氛围。	用方向键或 WASD 行走；Shift 加方向键沿走廊快跑，手机可用滑动操作。
034	流场工作室	生成艺术	数千粒子沿噪声向量场游走，线束在整幅画布中交织。纤细控制栏提供对场、色彩与轨迹的调整。	点击画布放置涡旋，调整滑杆改变流场；再次点击已有涡旋将其移除。
035	余烬与橡木咖啡	交互网页	烘焙棕、燕麦色与铜色组成虚构咖啡品牌首页。拉花、纸感与产地内容共同塑造温暖的实体质感。	悬停或点击咖啡杯重新绘制拉花，横向浏览产地卡片。
036	城市交通图	数据与工具	一张虚构城市的地铁网络图以海报方式呈现。列车在线路中持续运行，站点与图例提供清晰入口。	悬停线路突出显示，点击图例切换线路可见性；选择站点继续探索。
037	霜之花园	科学与模拟	随机游走粒子在冰晶边缘凝结，扩散限制聚集算法在夜色玻璃上长出细密霜枝。	切换点、线或雪模式重新生长；点击玻璃增加新的凝结种子。
038	霓虹打砖块	音乐与游戏	一台合成波风格街机拥有发光灯牌、CRT 屏幕和霓虹边框，完整承载可玩的打砖块关卡。	从标题菜单选择模式并开始游戏，移动挡板接球，尝试不同关卡。
039	午夜画廊	交互网页	闭馆后的博物馆走廊由 CSS 三维空间构成。聚光灯、地砖与墙面绘画建立安静的观看距离。	W/S 或上下键前进后退，A/D 或左右键转向；点击画作靠近，Esc 退回。
040	柠檬挞食谱	数据与工具	一份虚构祖母的柠檬乳清奶酪挞食谱，以插画、亚麻纹理和温暖字体呈现，食材比例可以实际调整。	调整份数查看用量变化，切换公制和美制单位，沿页面阅读制作步骤。
041	午夜窗上的雨	生成艺术	城市灯光在雨玻璃后化成散景，水滴沿窗面滑落。画面几乎没有文字，雾气本身成为可触碰的介质。	用鼠标、手指或笔擦拭玻璃；清晰区域会慢慢重新起雾。
042	分形深潜	科学与模拟	曼德勃罗集与 Julia 集在黑金色仪表中不断显现细节。连续着色让放大过程保持层次和深度。	点击放大、右键缩小，拖动平移，滚轮或双指缩放；悬停查看对应 Julia 图形。
043	高定时装画册	交互网页	虚构时装屋的秋冬系列用大幅衬线文字、骨白、淡粉和酒红展开。服装插画、布料细节与留白组成横向画册。	桌面使用滚轮、触控板或左右键翻阅；继续浏览服装与面料细节。
044	潮汐与月相	数据与工具	真实日期对应的月相悬在夜海之上，二十四小时刻度与示意潮汐一起变化，形成一枚安静的天文时钟。	拖动日期滑杆查看前后日期的月相变化；潮汐为示意模型。
045	彩绘玻璃工坊	生成艺术	哥特式尖拱窗中，Voronoi 多边形像被铅条拼接的彩色玻璃。光线穿过不断变化的几何镶嵌。	点击玻璃分裂一块窗格，拖动控制点改变分区形状。
046	习惯温室	数据与工具	每个习惯是一盆植物，完成记录决定它的生长阶段。连续天数、热力图与今日浇水进度共同组成温室。	点击 Water today 标记或取消当天完成，观察植物和记录变化。
047	太阳系真实比例	科学与模拟	以真实相对尺度从太阳穿行至冥王星。极简白字与黑色空间让天体之间巨大的距离变得可感知。	滚动或拖动沿太阳系移动；持续滚动会加速，松手后惯性减弱。
048	软陶界面套件	交互网页	按钮、开关、图标和卡片像由彩色软陶捏成。按压、回弹与轻微变形使界面带有触觉联想。	点击图标体验挤压与弹跳；切换开关，观察不同控件的反馈。
049	孔版印刷实验室	数据与工具	程序生成的图像被拆成网点和叠印色，像一张钉在工作室墙面的 Riso 印刷样张。	切换图像来源，输入文字或自由涂画，再调整印刷参数。
050	等待的十六种方式	排版实验	十六个原创加载动效排列在暖炭色小舞台上，分别研究循环、节奏、变形与界面反馈。	单独重播或依次重播全部动效；可复制对应 CSS。
051	冬夜木屋	生成艺术	一间北欧木屋以木纹、炉火和雪夜窗景构成可互动插画。光源的开关会改变整个房间的气氛。	点击台灯或按 L 开关灯光；点击炉火或按 F 添一根木柴。
052	双螺旋实验台	科学与模拟	理想化 B 型 DNA 双螺旋在浅色实验台上旋转，三维结构与右侧讲解共同呈现分子的空间秩序。	拖动旋转，滚轮或双指缩放，查看配对和结构信息。
053	星夜塔罗	音乐与游戏	三张塔罗牌在午夜紫色绒布上展开，星尘、占星圆环与翻牌动效共同构成虚构占卜体验。	从扇形牌堆中依次抽取三张牌，查看过去、现在和未来的解读。
054	弹性字母	排版实验	巨大的文字由弹簧粒子组成，字形在指针推拉中散开又重新聚拢。文字内容与物理参数都可调整。	移动指针推开粒子，点击引爆文字；切换吸引模式或编辑底部文字。
055	落沙引擎	科学与模拟	像素画布中的沙、水与其他材料遵循各自的运动规则。沙漠暮色框架把物理玩具变成一台小型仪器。	选择材料后绘制，按住持续倾倒；右键或选择橡皮擦清除区域。
056	建筑蓝图	数据与工具	一座虚构现代住宅被绘成带坐标、图签和双层网格的蓝图。线条在平面、立面与剖面切换时擦除再重绘。	切换图纸视图，悬停或聚焦建筑部位查看对应信息。
057	黑胶聆听室	音乐与游戏	胡桃木唱机放在深绿毛毡上，唱臂、唱片与黄铜按钮构成完整的播放仪式。	点击播放按钮、唱片或按空格；观察电机启动、唱臂落下与暂停抬臂。
058	孟菲斯设计节	交互网页	虚构的 1986 年米兰设计节以几何图形、鲜明色块、粗边框和硬阴影组成活泼首页。	移动指针推开几何形，点击主视觉增加新形状，体验弹性回位。
059	枯山水庭院	生成艺术	俯视木框中的细砾、岩石、苔藓和落叶，纹理随着耙动被重新整理，形成可亲手照料的小庭院。	拖动耙出平行纹路，切换涟漪工具在岩石周围绘制圆纹。
060	行情终端	数据与工具	虚构市场的密集交易面板包含蜡烛图、行情和多种读数。暗色层级与涨跌色帮助快速扫视数据。	拖动平移图表，滚轮缩放，双击重置；全部行情仅为演示。
061	萤火草甸	生成艺术	暮色、月牙与层叠草地之间漂浮着萤火虫。指针化成一盏灯，改变虫群和草叶的局部运动。	缓慢移动灯光；停住吸引萤火虫，快速移动使它们散开。
062	七十年代熔岩灯	科学与模拟	黄铜灯帽和玻璃瓶立在复古木柜上，蜡团在受热后升降、聚合，壁纸与房间光线共同营造年代感。	点击底座开关或按空格，观察加热、冷却和蜡团沉降。
063	飞行的历史	数据与工具	从 1783 年到 1969 年的飞行故事被画成横向上升的天空，年代推进时背景、飞行器与里程碑共同改变。	拖动或滚动时间线，用左右键在里程碑间移动。
064	冰箱上的诗	排版实验	一块有金属光泽的冰箱门上散落着单词磁贴，诗句通过真实的拖动、叠放与重新排列形成。	拖动单词磁贴组合句子；松手时磁贴重新贴回冰箱表面。
065	生成式拼布	生成艺术	不同纹样的布块以 SVG 拼成被子，暖色衬线字、缝线和亚麻背景共同营造手工制作感。	点击 Stitch a new quilt 生成新图案；悬停布块查看纹样信息。
066	行星锻造厂	科学与模拟	地形、海洋、云层与环带由程序生成，在深空测绘仪表中组成一颗持续旋转的行星。	拖动旋转、上下拖动调整倾角，滚轮缩放；尝试参数生成不同世界。
067	字符潮汐	生成艺术	天空和海面仅由等宽字符绘成，琥珀色余辉像旧终端中的海景。浪、光线和日夜都在字符间变化。	移动指针划出波纹，点击溅起水花；调整时间与配色。
068	便当格作品集	交互网页	一位虚构产品设计师的作品、身份和碎片信息被装入不同尺寸的方格中，形成层次清楚的个人主页。	悬停或聚焦卡片查看附加内容，点击项目打开详情。
069	蜂巢与蜂蜜	生成艺术	数百个六角巢室在琥珀色与蜡白之间交错，蜂蜜和光线沿蜂巢网格扩散，蜜蜂穿行其间。	移动指针触发光波，点击或拖动向巢室注入蜂蜜。
070	棋手的书房	音乐与游戏	枫木与胡桃木棋盘置于绿皮桌面，灯光照亮完整的双人国际象棋游戏，支持标准合法走法。	选择棋子再选择目标格；支持王车易位、吃过路兵和升变。
071	配色工作室	数据与工具	五列颜色构成整张工作台，配色规则、锁定和重排围绕同一组色样展开，数值始终清晰可见。	空格生成新配色，锁住需要保留的颜色，拖动手柄重排色列。
072	内心的远方	生成艺术	人物侧影成为山、海与城市的窗口，双重曝光中的景色随指针产生层间视差。	移动指针观察视差，点击人物或场景标签切换风景。
073	电路板解剖	数据与工具	一块虚构开发板被细致绘成 SVG，芯片、铜线、焊点、指示灯和 OLED 屏幕与数据手册式面板对应。	点击电源或按 P 启动；悬停、聚焦元件查看说明。
074	虹彩肥皂泡	生成艺术	半透明气泡在淡蓝和浅粉天空中升起，薄膜虹彩、反射与轻柔运动共同表现空气感。	点击气泡使其破裂；声音仅在主动交互后产生。
075	笔墨书写台	生成艺术	宣纸铺在深色木桌上，墨色、笔锋与纸纹共同模拟书写触感。笔画随落笔速度和输入方式变化。	使用鼠标、手指或压感笔书写，切换墨色并调整笔刷。
076	火星任务控制室	数据与工具	虚构载人火星任务的仪表板包含多种遥测、状态和告警。深色面板与醒目的功能色组织密集信息。	确认告警，切换并查看各项模拟遥测；所有任务数据为演示。
077	黑色电影谜案	音乐与游戏	一段原创侦探故事被放进黑白宽银幕，人物对话、调查卡与打字式字幕推动剧情。	点击调查卡或使用数字键选择行动，逐步推进情节。
078	一棵树的四季	生成艺术	递归生成的树木站在起伏山丘上，枝叶、天空和光线随一年中的时间变化，形成安静的季节画面。	拖动时间滑杆或季节圆盘；播放全年变化观察树木生长和落叶。
079	脉冲山脊	生成艺术	六十条白色信号曲线层层遮挡，像黑色空间中不断起伏的山脊，重现脉冲图的视觉力量。	移动指针改变峰值区域；点击切换 Pulsar、Terrain、Audio 和 Heartbeat 模式。
080	落光钢琴	音乐与游戏	三组八度的琴键上方落下彩色音符，触键时光束、火花和琴键下沉共同响应演奏。	鼠标、触屏或电脑键盘演奏，支持和弦与滑奏；体验下落音符的视觉反馈。
081	信号与噪声	交互网页	虚构故障艺术家的作品集将 RGB 分离、水平切片和乱码变成可控制的视觉语言。	悬停标题或作品增强失真；点开作品，用 Corruption 滑杆调整破坏程度。
082	晨露香水	交互网页	虚构香水瓶以切面玻璃、玫瑰金瓶盖与轻微晃动的液面构成产品主视觉，整体呈现安静的奢华感。	移动指针观察瓶身倾斜和液体晃动；选择容量改变瓶体与价格。
083	点阵地球	数据与工具	上万颗发光点组成旋转的地球，陆地与海洋用不同亮度区分，城市位置成为探索入口。	拖动旋转，松手保留惯性；悬停或点选城市查看位置。
084	雪花生成器	科学与模拟	温度和湿度决定冰晶的生长形态，一片雪花从六角种子逐步展开，背后是轻缓飘雪的深蓝天空。	调整温湿度或拖动形态图，点击 Grow a snowflake 生成新的雪晶。
085	新艺术植物茶室	交互网页	虚构巴黎茶室用藤蔓、百合、金边和鞭状曲线组成新艺术海报，边框与植物缓缓生长。	切换 Day / Salon 场景，悬停茶品卡片观察藤蔓生长。
086	细胞织锦	科学与模拟	初等细胞自动机被表现为一台正在工作的织机，每次梭子穿行都会织出新一代规则图案。	切换规则编号，或点击八个规则格修改结果；观察不同规则织出的结构。
087	插画师的速写本	交互网页	虚构插画师的作品藏在一本带线圈、贴纸、松紧带和点阵纸的速写本里，翻页成为主要浏览方式。	拖动书角或点击箭头翻页，也可使用左右键与彩色索引。
088	沙漏计时器	数据与工具	暮色沙丘前的木质黄铜沙漏用沙粒模拟表达时间流逝，玻璃和沙堆形态持续变化。	选择时长后开始，暂停或重置；点击沙漏或 Flip 翻转。
089	雷达控制台	数据与工具	虚构训练场景中的雷达屏带有磷光、扫描线、方位刻度与目标列表，追踪数据与扫描回波联动。	点击雷达光点或目标列表锁定对象，切换量程查看模拟轨迹。
090	文字时钟	排版实验	当前时间藏在字母方阵中，以亮起的词语拼成句子；四角的小点补充分钟精度。	点击时钟切换英语和西班牙语，使用色样或数字键切换表面材质。
091	山间的一天	生成艺术	六层山脊、湖面倒影、松林和飞鸟穿过完整昼夜，日出时的粉色山光逐步让位于白昼与星空。	拖动时间滑杆，点击天空生成新山形，播放完整的一天。
092	自然音景混音台	音乐与游戏	雨、海浪、森林等自然声音被装入一组带插画的控制卡，音量、预设与睡眠计时器共同构成混音工具。	点击播放后选择声源、调整音量，或直接切换预设组合。
093	风力仿生兽	科学与模拟	由真实 Jansen 连杆结构驱动的多足风力雕塑行走在海滩上，帆、旗与腿部运动共同响应风速。	调整风速和腿的数量，打开 Leg diagram 查看单腿连杆结构。
094	水彩山水画桌	生成艺术	水彩纸被胶带固定在木桌上，天空、远山和地景依次铺色。湿画参数改变晕染、边缘与水迹。	生成新画面，切换调色盘和干湿程度；点击画面滴入清水，签名后可下载。
095	磁场实验台	科学与模拟	条形与马蹄磁铁摆在毫米方格纸上，铁屑、磁力线或热力图即时呈现叠加后的磁场。	拖动磁铁，使用滚轮或旋转控制改变方向，再切换场的显示方式。
096	混凝土建筑档案	交互网页	虚构建筑事务所的作品集以十二列网格、木模混凝土与轴测图呈现，光照时间直接影响建筑阴影。	调整太阳时间，悬停或点选建筑图查看细节和视角变化。
097	谐振绘图机	科学与模拟	三摆系统在纸面上留下逐渐收束的李萨如曲线，黄铜旋钮与木桌把数学模拟变成古典科学玩具。	切换频率比，拖动旋钮改变失谐与阻尼，观察笔尖绘出的曲线。
098	小狐狸与纸月亮	交互网页	原创睡前绘本讲述小狐狸为月亮寻找礼物的故事，插画、书页弯曲与逐字高亮共同完成阅读体验。	点击书角、箭头或滑动翻页；开启 Read along 跟随逐字高亮阅读。
099	无限房间	生成艺术	一间中世纪现代风格的房间里挂着同一间房间的画，镜头不断穿过画框，形成无缝的递归缩放。	滚轮改变缩放速度和方向；触屏可用双指或竖向拖动，0 重置。
100	有机波纹实验室	科学与模拟	实时波动方程把整张屏幕变成发光水槽，波源、障碍物与双缝共同形成衍射和干涉图案。	选择滴水、波源、墙壁、擦除或探针工具；切换实验，直接在水面上操作。
